subj,accuracy,cm,best_epoch

split_0,70.62,"[[0.618618   0.36538856 0.01599344]
 [0.10476586 0.78849548 0.10673866]
 [0.01630884 0.35301404 0.63067713]]",17

split_1,68.58999999999999,"[[0.58288424 0.39685277 0.02026299]
 [0.10389055 0.79211201 0.10399743]
 [0.01802389 0.4082519  0.57372421]]",24
split_4,64.35,"[[0.4626178  0.5208377  0.0165445 ]
 [0.09227621 0.81381074 0.09391304]
 [0.01819322 0.50564617 0.4761606 ]]",30
split_2,69.17999999999999,"[[0.59710874 0.38529227 0.01759899]
 [0.1084064  0.78628159 0.10531202]
 [0.02336642 0.38068652 0.59594706]]",29
split_3,68.47,"[[0.59837939 0.38583004 0.01579057]
 [0.11190182 0.77877475 0.10932343]
 [0.0150733  0.40264299 0.58228371]]",22
split_5,65.82000000000001,"[[0.52486884 0.45687303 0.01825813]
 [0.10920879 0.7843177  0.10647351]
 [0.01635514 0.45475786 0.528887  ]]",20
