subj,accuracy,cm,best_epoch
1,62.5,"[[  nan   nan   nan]
 [0.    0.375 0.625]
 [0.    0.125 0.875]]",4
10,70.0,"[[nan nan nan]
 [0.2 0.8 0. ]
 [0.  0.4 0.6]]",4
14,50.0,"[[nan nan nan]
 [ 0.  1.  0.]
 [ 0.  1.  0.]]",1
15,72.22,"[[       nan        nan        nan]
 [0.         0.55555556 0.44444444]
 [0.         0.11111111 0.88888889]]",26
17,56.67,"[[       nan        nan        nan]
 [0.         0.2        0.8       ]
 [0.         0.06666667 0.93333333]]",11
19,50.0,"[[nan nan nan]
 [ 0.  1.  0.]
 [ 0.  1.  0.]]",1
2,65.38000000000001,"[[       nan        nan        nan]
 [0.         0.46153846 0.53846154]
 [0.         0.15384615 0.84615385]]",11
20,56.67,"[[       nan        nan        nan]
 [0.         0.26666667 0.73333333]
 [0.         0.13333333 0.86666667]]",10
21,60.0,"[[nan nan nan]
 [0.  1.  0. ]
 [0.  0.8 0.2]]",2
23,59.260000000000005,"[[       nan        nan        nan]
 [0.         0.22222222 0.77777778]
 [0.         0.03703704 0.96296296]]",20
25,59.089999999999996,"[[       nan        nan        nan]
 [0.         0.36363636 0.63636364]
 [0.         0.18181818 0.81818182]]",9
28,60.709999999999994,"[[       nan        nan        nan]
 [0.         0.75       0.25      ]
 [0.         0.53571429 0.46428571]]",21
29,55.00000000000001,"[[nan nan nan]
 [0.  0.7 0.3]
 [0.  0.6 0.4]]",29
3,56.52,"[[       nan        nan        nan]
 [0.         0.52173913 0.47826087]
 [0.         0.39130435 0.60869565]]",10
30,64.81,"[[       nan        nan        nan]
 [0.         0.62962963 0.37037037]
 [0.         0.33333333 0.66666667]]",8
31,81.25,"[[  nan   nan   nan]
 [0.    0.875 0.125]
 [0.    0.25  0.75 ]]",4
32,90.0,"[[nan nan nan]
 [0.  0.8 0.2]
 [0.  0.  1. ]]",14
33,75.0,"[[nan nan nan]
 [0.  0.5 0.5]
 [0.  0.  1. ]]",11
35,52.94,"[[       nan        nan        nan]
 [0.         0.67647059 0.32352941]
 [0.         0.61764706 0.38235294]]",2
36,70.0,"[[nan nan nan]
 [0.  0.6 0.4]
 [0.  0.2 0.8]]",8
37,70.0,"[[nan nan nan]
 [0.  0.8 0.2]
 [0.  0.4 0.6]]",10
38,50.0,"[[nan nan nan]
 [ 0.  1.  0.]
 [ 0.  1.  0.]]",1
39,65.0,"[[nan nan nan]
 [0.  0.7 0.3]
 [0.  0.4 0.6]]",6
6,64.71000000000001,"[[       nan        nan        nan]
 [0.         0.58823529 0.41176471]
 [0.         0.29411765 0.70588235]]",21
