subject,accuracy
split_0,74.00428265524626
split_1,72.92792792792793
split_2,74.42665512765036
split_3,73.04535637149027
split_4,69.44801026957637
split_5,70.23655913978494
split_6,68.54663774403471
split_7,71.21803207628955
split_8,76.85066324347454
split_9,68.32324978392394
