subject,accuracy
split_0,73.87580299785867
split_1,72.25225225225225
split_2,74.08048463868455
split_3,73.1317494600432
split_4,69.61916987590928
split_5,70.6236559139785
split_6,69.15401301518438
split_7,71.8248807975726
split_8,76.42276422764228
split_9,69.61970613656007
